{
    "loss": 2.701428174972534,
    "accuracy": 0.8017241358757019
}